human_gene_symbol,dmel_gene_id,dmel_gene_symbol,diopt_score,credible_set_mapped,magma_exomewide,magma_p,positive_control,flybase_disease_model_count,neuron_mean_expression,neuron_positive_percent,interneuron_mean_expression,interneuron_positive_percent,motor_neuron_mean_expression,motor_neuron_positive_percent,sensory_neuron_mean_expression,sensory_neuron_positive_percent,sensory_organ_cell_mean_expression,sensory_organ_cell_positive_percent,glial_cell_mean_expression,glial_cell_positive_percent
ABHD5,FBgn0033226,puml,12,True,False,,False,1,532,7,825,2,333,2,541,8,606,8,589,9
ADGRL3,FBgn0033313,Cirl,10,False,False,,True,1,1083,50,1223,43,1015,77,901,46,944,45,971,48
AMT,FBgn0032287,Gcst,14,True,False,,False,0,468,0,773,0,0,0,486,0,459,0,516,0
ANO10,FBgn0000152,Axs,11,True,True,1.724e-07,False,0,509,3,769,1,535,5,484,2,528,2,617,3
ARHGAP28,FBgn0039994,conu,10,True,False,,False,0,658,23,900,13,484,27,644,24,687,21,690,23
ARHGAP39,FBgn0038853,RhoGAP93B,12,True,False,,False,0,824,36,1200,42,792,62,748,33,796,32,863,31
ATP6V0B,FBgn0028662,VhaPPA1-1,14,False,True,1.3563e-06,False,0,663,19,927,13,489,15,646,21,680,19,656,20
B4GALT2,FBgn0027538,beta4GalNAcTA,13,True,False,,False,0,553,3,925,2,383,2,526,3,565,3,522,2
C8orf82,FBgn0050010,CG30010,13,True,False,,False,0,503,0,803,0,385,0,512,0,554,0,535,0
CAMKV,FBgn0016126,CaMKI,6,True,True,7.4592e-07,False,0,1453,65,1422,53,851,68,1741,75,1748,71,1116,46
CDC20,FBgn0001086,fzy,13,False,True,6.8835e-09,False,0,347,0,830,0,150,0,397,0,479,0,413,0
CDH8,FBgn0262018,CadN2,3,True,True,4.1302e-11,False,0,628,7,906,12,689,16,546,2,563,4,639,6
COMMD5,FBgn0067622,LSm-4,10,True,False,,False,0,372,8,535,5,308,9,361,8,386,7,346,7
CUBN,FBgn0052702,Cubn,12,False,True,4.9837e-07,False,1,516,3,777,1,358,9,528,2,568,2,574,2
CYHR1,FBgn0266918,CG32486,14,True,False,,False,0,979,52,1269,47,878,73,959,55,1002,53,1048,54
DCC,FBgn0011592,fra,12,True,True,1.3093e-10,False,1,609,12,941,9,527,22,560,9,589,8,687,15
DUSP6,FBgn0036844,Mkp3,11,False,True,2.1511e-06,False,0,1172,53,1524,51,1247,71,1098,53,1165,51,1658,65
ELOVL1,FBgn0051522,CG31522,12,True,True,1.7847e-07,False,0,795,23,936,11,524,33,752,26,786,22,756,17
FOXP1,FBgn0262477,FoxP,8,True,False,,False,2,887,37,1255,42,781,53,816,33,861,33,758,20
FOXP2,FBgn0262477,FoxP,8,True,True,1.9091e-09,False,2,887,37,1255,42,781,53,816,33,861,33,758,20
GIGYF2,FBgn0039936,Gyf,10,False,True,1.5645e-06,False,1,822,38,1090,33,791,61,734,34,775,34,775,34
GMPPB,FBgn0037279,Gmppb,14,True,False,,False,0,515,4,809,2,412,3,526,4,557,4,537,4
GNAI2,FBgn0001104,Galphai,11,True,False,,False,0,504,10,788,2,444,7,487,10,570,9,790,23
GNAT1,FBgn0001104,Galphai,8,True,True,1.0938e-06,False,0,504,10,788,2,444,7,487,10,570,9,790,23
GPX1,FBgn0034415,Gpxl,4,True,False,,False,0,375,0,0,0,448,0,318,0,208,0,1074,0
GPX1,FBgn0035438,Gtpx,4,True,False,,False,0,691,16,917,5,463,9,688,21,708,17,654,16
HYI,FBgn0011770,Gip,13,True,True,7.3335e-08,False,0,546,2,904,0,410,1,463,1,522,1,560,2
KAT2B,FBgn0020388,Gcn5,12,True,False,,False,1,526,3,814,1,258,1,512,3,556,3,549,3
KCNJ13,FBgn0039081,Irk2,4,False,True,1.4169e-06,False,2,533,3,869,1,385,1,493,2,582,3,880,14
KCNJ13,FBgn0032706,Irk3,4,False,True,1.4169e-06,False,1,425,0,979,0,322,0,412,0,486,0,691,1
KDM4A,FBgn0033233,Kdm4A,10,False,True,3.1831e-11,False,0,542,3,851,2,368,4,535,3,570,3,527,3
KIFC2,FBgn0002924,ncd,3,True,False,,False,0,547,0,937,0,301,2,529,0,561,0,629,0
L3MBTL4,FBgn0002441,l(3)mbt,8,True,False,,False,2,534,6,874,4,395,7,518,6,558,5,575,6
LSM6,FBgn0034564,CG9344,14,True,True,3.7061e-08,False,0,544,2,835,1,397,0,534,2,571,2,519,2
MAPKAPK3,FBgn0013987,MAPk-Ak2,14,True,False,,False,0,562,8,835,4,486,7,537,9,586,8,578,8
MED8,FBgn0034503,MED8,14,True,False,,False,0,474,1,716,1,323,0,497,1,526,1,530,1
MEF2C,FBgn0011656,Mef2,11,False,True,5.339e-10,True,3,862,41,1172,37,527,38,847,43,855,40,835,38
MFSD3,FBgn0036662,CG9706,3,True,False,,False,0,514,1,766,1,391,3,522,1,610,1,589,2
MON1A,FBgn0031640,Mon1,14,True,False,,False,0,509,1,860,0,210,1,507,1,557,1,568,1
MROH1,FBgn0040236,c11.1,12,True,False,,False,0,545,7,829,4,417,6,543,8,614,8,581,9
MST1R,FBgn0025740,PlexB,3,True,False,,False,1,720,30,946,24,576,47,664,29,690,27,639,24
NF1,FBgn0015269,Nf1,14,False,False,,True,2,646,16,972,14,404,17,604,16,638,15,650,14
NKX2-4,FBgn0287186,scro,11,True,False,,False,0,856,10,1208,30,551,0,731,3,782,7,726,11
POC1B,FBgn0036354,Poc1,10,True,False,,False,0,410,0,298,0,317,0,483,0,609,1,559,2
PPIH,FBgn0033089,CG17266,14,True,False,,False,0,425,0,457,0,312,1,488,0,515,0,573,1
PPP1R16A,FBgn0036801,MYPT-75D,11,True,False,,False,0,1052,37,1290,28,672,36,1087,39,1120,39,1211,44
PTPRF,FBgn0000464,Lar,11,True,True,1.3709e-12,False,2,1803,78,2247,79,1548,89,1630,77,1575,70,1339,50
RBM6,FBgn0031318,CG4887,5,True,False,,False,0,722,27,1013,25,708,62,662,23,686,23,681,23
RECQL4,FBgn0040290,RecQ4,12,True,False,,False,0,447,1,380,0,573,3,533,0,567,0,534,0
REELD1,FBgn0039648,CG14515,6,True,False,,False,0,428,0,702,0,0,0,483,0,532,0,493,0
RHOA,FBgn0014020,Rho1,12,True,False,,False,0,709,25,925,13,472,19,667,26,734,24,800,32
RNF123,FBgn0038296,Kpc1,14,True,False,,False,0,536,1,779,1,474,2,549,1,571,1,476,1
ROBO2,FBgn0005631,robo1,9,False,True,1.5778e-06,False,2,649,16,913,14,534,26,616,16,647,15,655,14
RPL8,FBgn0261602,RpL8,14,True,False,,False,0,1043,49,1210,40,752,59,962,50,973,48,1127,55
RPLP2,FBgn0003274,RpLP2,12,False,True,7.9442e-07,False,0,1209,54,1343,43,1076,71,1058,52,1090,52,1436,65
SEMA3F,FBgn0011260,Sema2a,6,False,True,1.3641e-07,False,0,680,13,927,10,539,24,613,12,618,11,576,7
SEMA3F,FBgn0264273,Sema2b,6,False,True,1.3641e-07,False,0,837,20,1145,21,825,21,756,18,764,16,707,11
SEMA6D,FBgn0011259,Sema1a,9,False,True,7.2376e-08,False,1,1343,63,1725,66,1219,79,1275,61,1236,53,1214,43
SEMA6D,FBgn0016059,Sema1b,9,False,True,7.2376e-08,False,0,594,14,875,5,435,9,591,15,633,12,687,18
SH3RF2,FBgn0040294,POSH,4,True,False,,False,0,480,2,782,1,339,3,492,1,534,1,496,1
SLC6A3,FBgn0034136,DAT,12,False,False,,True,3,664,3,1087,4,506,1,581,3,704,2,1023,9
SLC6A9,FBgn0267326,Ntl,7,False,True,7.0447e-08,False,0,435,0,0,0,0,0,510,0,522,0,671,2
SNRK,FBgn0033915,Snrk,11,True,False,,False,0,602,11,898,9,409,11,583,12,624,12,585,11
STK32C,FBgn0052944,CG32944,13,False,True,5.7588e-07,False,0,643,10,833,4,654,45,589,9,588,7,480,4
TCF12,FBgn0267821,da,11,False,True,2.1621e-06,False,1,707,26,968,16,535,21,711,30,729,26,668,22
TIE1,FBgn0022800,Cad96Ca,4,False,True,1.8369e-07,False,0,465,5,724,1,418,4,438,4,538,3,596,4
TMEM200C,FBgn0035171,CG12502,3,True,True,1.8174e-07,False,0,725,4,928,11,404,0,763,1,727,3,440,4
TRAIP,FBgn0034314,nopo,11,True,False,,False,1,432,1,851,0,465,1,457,1,526,1,549,1
TRAPPC9,FBgn0261787,brun,13,False,False,,True,1,531,4,868,2,363,4,521,3,586,3,549,3
TSC22D2,FBgn0259176,bun,6,False,True,2.4231e-07,False,0,1846,80,1824,73,1462,88,1952,83,1941,81,2284,83
VGLL3,FBgn0003975,vg,7,True,False,,False,0,661,9,890,0,356,2,660,13,644,0,762,5
VPS28,FBgn0021814,Vps28,14,True,False,,False,0,642,5,879,2,402,2,561,5,613,5,617,7
VRK1,FBgn0027889,ball,12,True,False,,False,0,550,1,797,0,247,0,505,0,554,0,408,1
WDR12,FBgn0032298,CG6724,14,False,True,2.7057e-06,False,0,443,0,814,0,279,1,477,0,534,0,505,0
XRN2,FBgn0031868,Rat1,14,True,True,3.1279e-11,False,0,476,1,763,1,347,2,483,1,516,1,520,1
ZNF16,FBgn0038047,CG5245,3,True,False,,False,0,452,0,701,0,0,0,468,0,526,0,596,0
ZNF16,FBgn0020309,crol,3,True,False,,False,0,926,49,1204,41,595,44,933,53,987,52,1012,54
ZNF251,FBgn0020309,crol,3,True,False,,False,0,926,49,1204,41,595,44,933,53,987,52,1012,54
ZNF852,FBgn0020309,crol,3,True,False,,False,0,926,49,1204,41,595,44,933,53,987,52,1012,54
