human_gene_symbols,dmel_gene_id,dmel_gene_symbol,neuron_mean_expression,neuron_positive_percent,interneuron_mean_expression,interneuron_positive_percent,motor_neuron_mean_expression,motor_neuron_positive_percent,sensory_neuron_mean_expression,sensory_neuron_positive_percent,sensory_organ_cell_mean_expression,sensory_organ_cell_positive_percent,glial_cell_mean_expression,glial_cell_positive_percent
ABHD5,FBgn0033226,puml,532,7,825,2,333,2,541,8,606,8,589,9
ADGRL3,FBgn0030887,CG6867,610,5,922,4,315,3,594,6,605,4,544,3
ADGRL3,FBgn0033313,Cirl,1083,50,1223,43,1015,77,901,46,944,45,971,48
AMT,FBgn0032287,Gcst,468,0,773,0,0,0,486,0,459,0,516,0
ANO10,FBgn0000152,Axs,509,3,769,1,535,5,484,2,528,2,617,3
ANO10,FBgn0028879,wwk,816,28,969,19,692,55,831,31,851,30,618,14
ARHGAP28,FBgn0039994,conu,658,23,900,13,484,27,644,24,687,21,690,23
ARHGAP39,FBgn0038853,RhoGAP93B,824,36,1200,42,792,62,748,33,796,32,863,31
ATP6V0B,FBgn0028662,VhaPPA1-1,663,19,927,13,489,15,646,21,680,19,656,20
ATP6V0B,FBgn0262514,VhaPPA1-2,250,0,0,0,0,0,281,0,526,2,434,7
B4GALT2,FBgn0027538,beta4GalNAcTA,553,3,925,2,383,2,526,3,565,3,522,2
B4GALT2,FBgn0039625,beta4GalNAcTB,550,2,914,1,288,1,542,2,604,1,548,2
C8orf82,FBgn0050010,CG30010,503,0,803,0,385,0,512,0,554,0,535,0
CAMKV,FBgn0261387,CG17528,609,15,889,8,473,19,606,17,645,15,595,13
CAMKV,FBgn0016126,CaMKI,1453,65,1422,53,851,68,1741,75,1748,71,1116,46
CAMKV,FBgn0264607,CaMKII,1676,79,1956,76,1759,94,1502,79,1486,74,1269,59
CDC20,FBgn0262699,fzr,606,13,882,9,469,16,604,14,631,13,567,11
CDC20,FBgn0034937,fzr2,507,0,725,0,0,0,536,0,601,1,595,1
CDC20,FBgn0001086,fzy,347,0,830,0,150,0,397,0,479,0,413,0
CDH8,FBgn0262018,CadN2,628,7,906,12,689,16,546,2,563,4,639,6
COMMD5,FBgn0067622,LSm-4,372,8,535,5,308,9,361,8,386,7,346,7
CUBN,FBgn0261262,CG42613,1143,30,1640,56,1268,82,834,8,934,14,5276,32
CUBN,FBgn0052702,Cubn,516,3,777,1,358,9,528,2,568,2,574,2
CUBN,FBgn0259140,Cubn2,480,0,0,0,0,0,186,0,197,0,503,0
CYHR1,FBgn0266918,CG32486,979,52,1269,47,878,73,959,55,1002,53,1048,54
DCC,FBgn0011592,fra,609,12,941,9,527,22,560,9,589,8,687,15
DUSP6,FBgn0036844,Mkp3,1172,53,1524,51,1247,71,1098,53,1165,51,1658,65
ELOVL1,FBgn0260960,Baldspot,775,24,1029,20,506,29,739,26,763,25,802,27
ELOVL1,FBgn0037763,CG16904,527,2,855,1,382,1,486,0,455,0,658,2
ELOVL1,FBgn0034383,CG17821,495,0,495,0,0,0,607,0,464,0,294,1
ELOVL1,FBgn0050008,CG30008,659,4,761,0,441,4,659,2,725,2,560,2
ELOVL1,FBgn0051141,CG31141,405,0,0,0,0,0,257,0,332,2,368,3
ELOVL1,FBgn0051522,CG31522,795,23,936,11,524,33,752,26,786,22,756,17
ELOVL1,FBgn0051523,CG31523,685,17,967,5,523,17,629,16,677,14,721,18
ELOVL1,FBgn0053110,CG33110,756,12,1109,2,595,7,729,13,896,10,1010,12
ELOVL1,FBgn0038983,CG5326,749,5,956,1,313,1,669,6,691,2,804,5
ELOVL1,FBgn0039030,CG6660,556,0,590,0,477,1,615,0,634,0,614,0
ELOVL1,FBgn0037761,CG8534,363,0,0,0,0,0,123,0,118,0,265,0
ELOVL1,FBgn0037765,CG9458,532,0,1017,0,546,0,455,0,419,0,575,1
ELOVL1,FBgn0037764,CG9459,547,0,999,0,653,0,655,0,431,0,848,0
ELOVL1,FBgn0052072,Elo68alpha,940,0,0,0,86,0,612,0,685,0,765,0
ELOVL1,FBgn0036128,Elo68beta,243,0,0,0,0,0,316,0,369,0,505,0
ELOVL1,FBgn0037534,Elovl7,1156,21,1148,4,676,12,1102,22,1171,17,1345,21
ELOVL1,FBgn0260942,bond,609,3,864,1,689,1,576,3,640,3,652,3
ELOVL1,FBgn0037762,eloF,656,2,0,0,345,3,851,0,408,1,412,1
ELOVL1,FBgn0034382,mElo,571,0,759,0,420,1,561,0,477,0,413,0
ELOVL1,FBgn0038986,sit,550,0,722,0,238,0,507,0,618,0,691,0
FOXP1 | FOXP2,FBgn0262477,FoxP,887,37,1255,42,781,53,816,33,861,33,758,20
GIGYF2,FBgn0039936,Gyf,822,38,1090,33,791,61,734,34,775,34,775,34
GMPPB,FBgn0034035,Gmppa,497,1,735,0,364,1,522,1,557,1,517,1
GMPPB,FBgn0037279,Gmppb,515,4,809,2,412,3,526,4,557,4,537,4
GNAI2 | GNAT1,FBgn0033756,CG17760,536,2,851,1,328,6,523,1,541,1,553,1
GNAI2 | GNAT1,FBgn0050054,CG30054,503,2,722,1,345,2,540,3,564,3,525,1
GNAI2 | GNAT1,FBgn0010223,Galphaf,469,2,732,0,292,1,528,3,622,2,605,2
GNAI2 | GNAT1,FBgn0001104,Galphai,504,10,788,2,444,7,487,10,570,9,790,23
GNAI2 | GNAT1,FBgn0001122,Galphao,908,43,1315,46,669,56,879,43,856,37,860,33
GNAI2 | GNAT1,FBgn0004435,Galphaq,934,45,1182,40,667,54,989,48,1061,49,846,36
GNAI2 | GNAT1,FBgn0001123,Galphas,667,21,986,20,482,20,644,21,687,22,664,20
GNAI2 | GNAT1,FBgn0000384,cta,707,30,947,19,599,44,705,33,746,32,681,28
GPX1,FBgn0034415,Gpxl,375,0,0,0,448,0,318,0,208,0,1074,0
GPX1,FBgn0035438,Gtpx,691,16,917,5,463,9,688,21,708,17,654,16
HYI,FBgn0011770,Gip,546,2,904,0,410,1,463,1,522,1,560,2
KAT2B,FBgn0027620,Acf,634,15,902,12,448,17,608,15,636,15,610,13
KAT2B,FBgn0020388,Gcn5,526,3,814,1,258,1,512,3,556,3,549,3
KCNJ13,FBgn0039081,Irk2,533,3,869,1,385,1,493,2,582,3,880,14
KCNJ13,FBgn0032706,Irk3,425,0,979,0,322,0,412,0,486,0,691,1
KDM4A,FBgn0033233,Kdm4A,542,3,851,2,368,4,535,3,570,3,527,3
KDM4A,FBgn0053182,Kdm4B,856,46,966,41,584,61,858,51,882,50,694,34
KIFC2,FBgn0002924,ncd,547,0,937,0,301,2,529,0,561,0,629,0
L3MBTL4,FBgn0032475,Sfmbt,552,6,858,4,376,8,559,6,598,6,540,4
L3MBTL4,FBgn0002441,l(3)mbt,534,6,874,4,395,7,518,6,558,5,575,6
LSM6,FBgn0034564,CG9344,544,2,835,1,397,0,534,2,571,2,519,2
MAPKAPK3,FBgn0013987,MAPk-Ak2,562,8,835,4,486,7,537,9,586,8,578,8
MED8,FBgn0034503,MED8,474,1,716,1,323,0,497,1,526,1,530,1
MEF2C,FBgn0011656,Mef2,862,41,1172,37,527,38,847,43,855,40,835,38
MFSD3,FBgn0036662,CG9706,514,1,766,1,391,3,522,1,610,1,589,2
MON1A,FBgn0031640,Mon1,509,1,860,0,210,1,507,1,557,1,568,1
MROH1,FBgn0040236,c11.1,545,7,829,4,417,6,543,8,614,8,581,9
MST1R,FBgn0025740,PlexB,720,30,946,24,576,47,664,29,690,27,639,24
NF1,FBgn0015269,Nf1,646,16,972,14,404,17,604,16,638,15,650,14
NKX2-4,FBgn0287186,scro,856,10,1208,30,551,0,731,3,782,7,726,11
NKX2-4,FBgn0261930,vnd,431,1,477,0,490,2,468,0,456,0,512,0
POC1B,FBgn0036354,Poc1,410,0,298,0,317,0,483,0,609,1,559,2
PPIH,FBgn0033089,CG17266,425,0,457,0,312,1,488,0,515,0,573,1
PPIH,FBgn0034753,CG2852,711,19,955,14,545,27,617,14,685,16,763,26
PPIH,FBgn0036415,CG7768,501,1,582,0,333,1,504,1,643,4,835,7
PPIH,FBgn0004432,Cyp1,839,35,1044,22,639,36,793,36,811,33,948,43
PPIH,FBgn0036020,Cyp40,536,3,786,2,390,4,536,3,571,3,539,3
PPIH,FBgn0039581,Moca-cyp,741,29,1035,27,628,45,692,26,729,26,693,23
PPIH,FBgn0002936,ninaA,631,3,807,2,0,0,677,7,668,8,700,1
PPP1R16A,FBgn0036801,MYPT-75D,1052,37,1290,28,672,36,1087,39,1120,39,1211,44
PTPRF,FBgn0000464,Lar,1803,78,2247,79,1548,89,1630,77,1575,70,1339,50
RBM6,FBgn0031318,CG4887,722,27,1013,25,708,62,662,23,686,23,681,23
RBM6,FBgn0031319,CG4896,641,16,912,11,541,35,606,15,645,15,620,14
RECQL4,FBgn0002906,Blm,546,3,807,2,297,4,566,3,598,3,587,3
RECQL4,FBgn0040290,RecQ4,447,1,380,0,573,3,533,0,567,0,534,0
RECQL4,FBgn0027375,RecQ5,536,4,824,2,430,5,543,4,575,4,585,3
REELD1,FBgn0039648,CG14515,428,0,702,0,0,0,483,0,532,0,493,0
REELD1,FBgn0034067,CG8399,523,7,802,1,273,2,554,8,622,5,596,4
REELD1,FBgn0261534,l(2)34Fc,574,7,813,0,435,2,600,9,631,5,723,6
RHOA,FBgn0014020,Rho1,709,25,925,13,472,19,667,26,734,24,800,32
RHOA,FBgn0014380,RhoL,462,3,761,0,413,2,461,3,537,3,637,5
RNF123,FBgn0038296,Kpc1,536,1,779,1,474,2,549,1,571,1,476,1
ROBO2,FBgn0005631,robo1,649,16,913,14,534,26,616,16,647,15,655,14
ROBO2,FBgn0002543,robo2,674,8,1047,9,671,19,539,4,648,7,822,13
ROBO2,FBgn0041097,robo3,663,9,847,6,545,22,629,7,642,7,560,5
RPL8,FBgn0261602,RpL8,1043,49,1210,40,752,59,962,50,973,48,1127,55
RPL8,FBgn0036135,mRpL2,523,2,807,1,262,2,527,3,563,2,557,3
RPLP2,FBgn0003274,RpLP2,1209,54,1343,43,1076,71,1058,52,1090,52,1436,65
SEMA3F | SEMA6D,FBgn0011259,Sema1a,1343,63,1725,66,1219,79,1275,61,1236,53,1214,43
SEMA3F | SEMA6D,FBgn0016059,Sema1b,594,14,875,5,435,9,591,15,633,12,687,18
SEMA3F | SEMA6D,FBgn0011260,Sema2a,680,13,927,10,539,24,613,12,618,11,576,7
SEMA3F | SEMA6D,FBgn0264273,Sema2b,837,20,1145,21,825,21,756,18,764,16,707,11
SH3RF2,FBgn0040294,POSH,480,2,782,1,339,3,492,1,534,1,496,1
SLC6A3 | SLC6A9,FBgn0031939,CG13796,425,2,692,0,489,4,425,1,481,1,531,2
SLC6A3 | SLC6A9,FBgn0028886,CG15279,456,3,821,0,427,3,462,2,538,1,654,2
SLC6A3 | SLC6A9,FBgn0033443,CG1698,549,1,810,1,319,0,526,1,574,1,620,1
SLC6A3 | SLC6A9,FBgn0035969,CG4476,356,0,804,0,154,0,333,0,445,0,520,0
SLC6A3 | SLC6A9,FBgn0033708,CG8850,511,1,796,0,411,4,524,1,543,1,583,1
SLC6A3 | SLC6A9,FBgn0034136,DAT,664,3,1087,4,506,1,581,3,704,2,1023,9
SLC6A3 | SLC6A9,FBgn0039915,Gat,572,2,828,2,751,1,512,1,592,2,971,10
SLC6A3 | SLC6A9,FBgn0034911,GlyT,604,8,914,11,499,12,560,8,580,7,510,5
SLC6A3 | SLC6A9,FBgn0034381,List,488,1,770,1,256,0,486,1,572,2,804,10
SLC6A3 | SLC6A9,FBgn0029762,NAAT1,566,7,849,1,393,3,523,7,627,6,641,6
SLC6A3 | SLC6A9,FBgn0267326,Ntl,435,0,0,0,0,0,510,0,522,0,671,2
SLC6A3 | SLC6A9,FBgn0010414,SerT,656,5,895,0,0,0,554,8,661,7,700,6
SLC6A3 | SLC6A9,FBgn0011603,ine,485,4,803,1,415,3,479,4,594,4,939,14
SNRK,FBgn0033915,Snrk,602,11,898,9,409,11,583,12,624,12,585,11
STK32C,FBgn0052944,CG32944,643,10,833,4,654,45,589,9,588,7,480,4
TCF12,FBgn0267821,da,707,26,968,16,535,21,711,30,729,26,668,22
TIE1,FBgn0031518,CG3277,510,1,853,1,305,0,504,0,461,0,685,0
TIE1,FBgn0022800,Cad96Ca,465,5,724,1,418,4,438,4,538,3,596,4
TIE1,FBgn0014073,Tie,671,14,809,1,466,3,704,18,771,16,938,19
TMEM200C,FBgn0035171,CG12502,725,4,928,11,404,0,763,1,727,3,440,4
TRAIP,FBgn0034312,CG10916,536,6,790,2,378,6,557,7,610,7,591,6
TRAIP,FBgn0026878,CG4325,421,0,691,0,531,0,450,0,503,0,524,0
TRAIP,FBgn0034314,nopo,432,1,851,0,465,1,457,1,526,1,549,1
TRAPPC9,FBgn0261787,brun,531,4,868,2,363,4,521,3,586,3,549,3
TSC22D2,FBgn0259176,bun,1846,80,1824,73,1462,88,1952,83,1941,81,2284,83
VGLL3,FBgn0003975,vg,661,9,890,0,356,2,660,13,644,0,762,5
VPS28,FBgn0021814,Vps28,642,5,879,2,402,2,561,5,613,5,617,7
VRK1,FBgn0031441,CG9962,273,0,0,0,0,0,106,0,246,4,246,4
VRK1,FBgn0027889,ball,550,1,797,0,247,0,505,0,554,0,408,1
VRK1,FBgn0027504,bsd,589,9,882,6,460,11,576,9,604,8,591,7
WDR12,FBgn0032298,CG6724,443,0,814,0,279,1,477,0,534,0,505,0
XRN2,FBgn0031868,Rat1,476,1,763,1,347,2,483,1,516,1,520,1
XRN2,FBgn0020261,pcm,545,3,862,2,361,5,518,3,572,3,588,2
ZNF16,FBgn0038047,CG5245,452,0,701,0,0,0,468,0,526,0,596,0
ZNF16 | ZNF251 | ZNF852,FBgn0020309,crol,926,49,1204,41,595,44,933,53,987,52,1012,54
