human_gene_symbols,dmel_gene_id,dmel_gene_symbol,cell_type_id,cell_type_name,max_spread,max_mean_expression,supporting_rows,within_gene_rank
ANO10,FBgn0000152,Axs,FBbt:00100501,adult brain cell body glial cell,0.196581,1149.031481,20,1
ANO10,FBgn0000152,Axs,FBbt:00110066,proximal medullary amacrine neuron Pm3,0.190476,276.995542,2,2
ANO10,FBgn0000152,Axs,FBbt:00048313,ITP neuron,0.190476,49.755088,1,3
ANO10,FBgn0000152,Axs,FBbt:00110925,Hugin neuron,0.176471,214.972503,1,4
ANO10,FBgn0000152,Axs,FBbt:00048284,adult multidendritic neuron,0.151515,597.5538,8,5
TMEM200C,FBgn0035171,CG12502,FBbt:00003776,medulla intrinsic neuron Mi1,0.597598,1327.928143,18,1
TMEM200C,FBgn0035171,CG12502,FBbt:00058251,adult perineurial glial cell,0.5,515.72974,8,2
TMEM200C,FBgn0035171,CG12502,FBbt:00003789,transmedullary neuron Tm1,0.466276,1247.76747,7,3
TMEM200C,FBgn0035171,CG12502,FBbt:00111271,distal medullary amacrine neuron Dm9,0.465116,1526.784044,18,4
TMEM200C,FBgn0035171,CG12502,FBbt:00111282,proximal medullary amacrine neuron Pm4,0.44,1741.774787,8,5
REELD1,FBgn0039648,CG14515,FBbt:00048313,ITP neuron,0.047619,188.67924,1,1
REELD1,FBgn0039648,CG14515,FBbt:00013774,distal medullary amacrine neuron Dm8a,0.034483,1813.2366,7,2
REELD1,FBgn0039648,CG14515,FBbt:00049949,adult fat cell,0.027778,931.96643,2,3
REELD1,FBgn0039648,CG14515,FBbt:00003826,transmedullary Y neuron TmY8,0.027778,758.72534,4,4
REELD1,FBgn0039648,CG14515,FBbt:00004242,ocellar retinula cell,0.014493,334.67242,1,5
PPIH,FBgn0033089,CG17266,FBbt:00058222,sugar-sensing neuron of the adult brain,0.136364,51.004797,1,1
PPIH,FBgn0033089,CG17266,FBbt:00003629,DN1 neuron,0.12,136.705643,1,2
PPIH,FBgn0033089,CG17266,FBbt:00004046,LNv neuron,0.114286,79.38465,1,3
PPIH,FBgn0033089,CG17266,FBbt:00004211,photoreceptor neuron,0.1,846.74005,15,4
PPIH,FBgn0033089,CG17266,FBbt:00048313,ITP neuron,0.095238,35.817225,1,5
C8orf82,FBgn0050010,CG30010,FBbt:00048313,ITP neuron,0.380952,45.373717,1,1
C8orf82,FBgn0050010,CG30010,FBbt:00110925,Hugin neuron,0.352941,117.713902,1,2
C8orf82,FBgn0050010,CG30010,FBbt:00110061,adult Tachykinin neuron of the central nervous system,0.333333,890.4719,11,3
C8orf82,FBgn0050010,CG30010,FBbt:00111282,proximal medullary amacrine neuron Pm4,0.26,342.481717,2,4
C8orf82,FBgn0050010,CG30010,FBbt:00003768,distal medullary amacrine neuron Dm1,0.258065,227.853905,1,5
ELOVL1,FBgn0051522,CG31522,FBbt:00051420,adult mechanosensory neuron,0.587957,1266.111082,22,1
ELOVL1,FBgn0051522,CG31522,FBbt:00049568,leg muscle motor neuron,0.548387,707.327207,16,2
ELOVL1,FBgn0051522,CG31522,FBbt:00048471,nociceptive neuron,0.5,483.127171,6,3
ELOVL1,FBgn0051522,CG31522,FBbt:00048313,ITP neuron,0.47619,166.422928,1,4
ELOVL1,FBgn0051522,CG31522,FBbt:00047095,adult neuron,0.467337,2403.436536,50,5
CYHR1,FBgn0266918,CG32486,FBbt:00051053,adult corazonin neuron,1.0,551.315344,1,1
CYHR1,FBgn0266918,CG32486,FBbt:00003768,distal medullary amacrine neuron Dm1,0.935484,806.293078,1,2
CYHR1,FBgn0266918,CG32486,FBbt:00003771,distal medullary amacrine neuron Dm4,0.92,624.512846,1,3
CYHR1,FBgn0266918,CG32486,FBbt:00048471,nociceptive neuron,0.916667,658.885889,6,4
CYHR1,FBgn0266918,CG32486,FBbt:00003746,lamina intrinsic neuron Lai,0.906977,1476.772097,17,5
STK32C,FBgn0052944,CG32944,FBbt:00049568,leg muscle motor neuron,0.675676,712.699497,16,1
STK32C,FBgn0052944,CG32944,FBbt:00048284,adult multidendritic neuron,0.575758,444.501454,10,2
STK32C,FBgn0052944,CG32944,FBbt:00048313,ITP neuron,0.47619,136.068393,1,3
STK32C,FBgn0052944,CG32944,FBbt:00048900,lineage 15 secondary neuron,0.447574,317.440144,1,4
STK32C,FBgn0052944,CG32944,FBbt:00047095,adult neuron,0.363636,949.553198,50,5
RBM6,FBgn0031318,CG4887,FBbt:00049568,leg muscle motor neuron,0.642857,751.721544,16,1
RBM6,FBgn0031318,CG4887,FBbt:00057009,head cyst cell,0.509609,255.324664,4,2
RBM6,FBgn0031318,CG4887,FBbt:00058251,adult perineurial glial cell,0.5,1299.859608,18,3
RBM6,FBgn0031318,CG4887,FBbt:00067064,adult olfactory receptor neuron Gr21a/63a,0.5,880.18905,7,4
RBM6,FBgn0031318,CG4887,FBbt:00058143,adult hemocyte,0.482143,681.009328,7,5
ZNF16,FBgn0038047,CG5245,FBbt:00110061,adult Tachykinin neuron of the central nervous system,0.1,370.78235,2,1
ZNF16,FBgn0038047,CG5245,FBbt:00058251,adult perineurial glial cell,0.083333,1042.7528,7,2
ZNF16,FBgn0038047,CG5245,FBbt:00110107,adult insulin secreting cell of pars intercerebralis,0.066667,48.623943,1,3
ZNF16,FBgn0038047,CG5245,FBbt:00003768,distal medullary amacrine neuron Dm1,0.032258,200.48116,1,4
ZNF16,FBgn0038047,CG5245,FBbt:00048142,allatostatin A neuron,0.031915,155.817135,1,5
WDR12,FBgn0032298,CG6724,FBbt:00110925,Hugin neuron,0.147059,117.079326,1,1
WDR12,FBgn0032298,CG6724,FBbt:00004046,LNv neuron,0.142857,131.419594,1,2
WDR12,FBgn0032298,CG6724,FBbt:00048142,allatostatin A neuron,0.117021,158.767205,1,3
WDR12,FBgn0032298,CG6724,FBbt:00058203,adult octopaminergic neuron,0.106667,1015.7711,4,4
WDR12,FBgn0032298,CG6724,FBbt:00051469,hemilineage 9B secondary neuron,0.105023,344.770188,1,5
LSM6,FBgn0034564,CG9344,FBbt:00004046,LNv neuron,0.771429,185.027098,1,1
LSM6,FBgn0034564,CG9344,FBbt:00048313,ITP neuron,0.52381,148.603226,1,2
LSM6,FBgn0034564,CG9344,FBbt:00003629,DN1 neuron,0.48,311.172148,1,3
LSM6,FBgn0034564,CG9344,FBbt:00110925,Hugin neuron,0.441176,173.789447,1,4
LSM6,FBgn0034564,CG9344,FBbt:00110107,adult insulin secreting cell of pars intercerebralis,0.4,365.802232,1,5
MFSD3,FBgn0036662,CG9706,FBbt:00048313,ITP neuron,0.380952,63.531019,1,1
MFSD3,FBgn0036662,CG9706,FBbt:00111316,adult CCAP neuron,0.25,218.0663,1,2
MFSD3,FBgn0036662,CG9706,FBbt:00058222,sugar-sensing neuron of the adult brain,0.212121,122.512538,1,3
MFSD3,FBgn0036662,CG9706,FBbt:00110925,Hugin neuron,0.205882,114.362213,1,4
MFSD3,FBgn0036662,CG9706,FBbt:00004046,LNv neuron,0.2,100.390413,1,5
CAMKV,FBgn0016126,CaMKI,FBbt:00004211,photoreceptor neuron,1.0,6160.696908,26,1
CAMKV,FBgn0016126,CaMKI,FBbt:00004207,dorsal margin photoreceptor cell,1.0,5542.513092,3,2
CAMKV,FBgn0016126,CaMKI,FBbt:00004242,ocellar retinula cell,1.0,4386.648364,7,3
CAMKV,FBgn0016126,CaMKI,FBbt:00003741,lamina wide-field 1 neuron,1.0,2942.298293,18,4
CAMKV,FBgn0016126,CaMKI,FBbt:00058203,adult octopaminergic neuron,1.0,1636.9837,15,5
TIE1,FBgn0022800,Cad96Ca,FBbt:00004230,pigment cell,0.268,1331.383643,7,1
TIE1,FBgn0022800,Cad96Ca,FBbt:00058238,adult epithelial cell,0.214169,1159.432945,7,2
TIE1,FBgn0022800,Cad96Ca,FBbt:00051420,adult mechanosensory neuron,0.206612,699.818565,12,3
TIE1,FBgn0022800,Cad96Ca,FBbt:00048471,nociceptive neuron,0.193548,203.899186,6,4
TIE1,FBgn0022800,Cad96Ca,FBbt:00058258,adult PNS glial cell,0.163017,855.801661,13,5
CDH8,FBgn0262018,CadN2,FBbt:00003721,lamina monopolar neuron L3,0.878788,4527.395375,18,1
CDH8,FBgn0262018,CadN2,FBbt:00003744,centrifugal neuron C3,0.866667,5927.153314,18,2
CDH8,FBgn0262018,CadN2,FBbt:00003743,centrifugal neuron C2,0.836653,6499.146467,18,3
CDH8,FBgn0262018,CadN2,FBbt:00058247,adult pheromone-sensing neuron,0.791667,7452.035853,14,4
CDH8,FBgn0262018,CadN2,FBbt:00100482,lobula columnar neuron LC10,0.744681,3927.618258,14,5
ADGRL3,FBgn0033313,Cirl,FBbt:00048471,nociceptive neuron,1.0,2786.00353,6,1
ADGRL3,FBgn0033313,Cirl,FBbt:00058203,adult octopaminergic neuron,1.0,1785.621678,15,2
ADGRL3,FBgn0033313,Cirl,FBbt:00048284,adult multidendritic neuron,0.969697,2318.744487,10,3
ADGRL3,FBgn0033313,Cirl,FBbt:00057009,head cyst cell,0.968191,1294.463708,4,4
ADGRL3,FBgn0033313,Cirl,FBbt:00005209,multidendritic neuron,0.95122,2499.490575,6,5
CUBN,FBgn0052702,Cubn,FBbt:00058251,adult perineurial glial cell,0.166667,1135.61785,11,1
CUBN,FBgn0052702,Cubn,FBbt:00057009,head cyst cell,0.126574,166.921899,4,2
CUBN,FBgn0052702,Cubn,FBbt:00049568,leg muscle motor neuron,0.109312,520.5622,16,3
CUBN,FBgn0052702,Cubn,FBbt:00004211,photoreceptor neuron,0.097222,732.42215,19,4
CUBN,FBgn0052702,Cubn,FBbt:00003784,medulla intrinsic neuron Mi9,0.086957,1596.1718,11,5
SLC6A3 | SLC6A9,FBgn0034136,DAT,FBbt:00100214,adult dopaminergic PAM neuron,1.0,9122.200923,17,1
SLC6A3 | SLC6A9,FBgn0034136,DAT,FBbt:00058206,adult dopaminergic neuron,0.962963,10085.797322,19,2
SLC6A3 | SLC6A9,FBgn0034136,DAT,FBbt:00111285,medulla intrinsic neuron Mi15,0.912134,2974.497423,17,3
SLC6A3 | SLC6A9,FBgn0034136,DAT,FBbt:00049834,adult alpha'/beta' Kenyon cell,0.714286,1508.295217,8,4
SLC6A3 | SLC6A9,FBgn0034136,DAT,FBbt:00100525,adult optic chiasma glial cell,0.492537,1649.55292,17,5
FOXP1 | FOXP2,FBgn0262477,FoxP,FBbt:00003771,distal medullary amacrine neuron Dm4,0.96,737.63748,1,1
FOXP1 | FOXP2,FBgn0262477,FoxP,FBbt:00111746,lobula columnar neuron LC10c,0.933333,1529.180907,1,2
FOXP1 | FOXP2,FBgn0262477,FoxP,FBbt:00048896,lineage 16 secondary neuron,0.909471,1360.80465,1,3
FOXP1 | FOXP2,FBgn0262477,FoxP,FBbt:00051466,hemilineage 11A secondary neuron,0.900369,1348.793607,1,4
FOXP1 | FOXP2,FBgn0262477,FoxP,FBbt:00048903,lineage 4 secondary neuron,0.900281,1476.967588,1,5
GNAI2 | GNAT1,FBgn0001104,Galphai,FBbt:00057009,head cyst cell,0.664679,351.98701,4,1
GNAI2 | GNAT1,FBgn0001104,Galphai,FBbt:00100501,adult brain cell body glial cell,0.638783,1269.677742,20,2
GNAI2 | GNAT1,FBgn0001104,Galphai,FBbt:00047841,adult astrocyte-like glial cell,0.545455,2568.175888,33,3
GNAI2 | GNAT1,FBgn0001104,Galphai,FBbt:00058143,adult hemocyte,0.427586,865.242503,7,4
GNAI2 | GNAT1,FBgn0001104,Galphai,FBbt:00100497,adult glial cell,0.409091,1361.387833,24,5
KAT2B,FBgn0020388,Gcn5,FBbt:00111316,adult CCAP neuron,0.375,228.769002,1,1
KAT2B,FBgn0020388,Gcn5,FBbt:00058222,sugar-sensing neuron of the adult brain,0.227273,117.698222,1,2
KAT2B,FBgn0020388,Gcn5,FBbt:00110107,adult insulin secreting cell of pars intercerebralis,0.2,358.125109,1,3
KAT2B,FBgn0020388,Gcn5,FBbt:00110925,Hugin neuron,0.176471,145.091109,1,4
KAT2B,FBgn0020388,Gcn5,FBbt:00048298,CCHamide-1 neuron,0.15,129.558535,1,5
AMT,FBgn0032287,Gcst,FBbt:00058267,adult pericerebral fat cell,0.225225,931.630463,7,1
AMT,FBgn0032287,Gcst,FBbt:00049949,adult fat cell,0.222222,858.0158,3,2
AMT,FBgn0032287,Gcst,FBbt:00058244,adult sensory neuron,0.15,384.753038,6,3
AMT,FBgn0032287,Gcst,FBbt:00003826,transmedullary Y neuron TmY8,0.090909,904.75715,4,4
AMT,FBgn0032287,Gcst,FBbt:00058203,adult octopaminergic neuron,0.076923,108.06136,3,5
HYI,FBgn0011770,Gip,FBbt:00058251,adult perineurial glial cell,0.21267,1119.44065,7,1
HYI,FBgn0011770,Gip,FBbt:00004046,LNv neuron,0.2,140.732629,1,2
HYI,FBgn0011770,Gip,FBbt:00048313,ITP neuron,0.190476,24.507934,1,3
HYI,FBgn0011770,Gip,FBbt:00058144,adult plasmatocyte,0.169675,401.879235,1,4
HYI,FBgn0011770,Gip,FBbt:00048298,CCHamide-1 neuron,0.15,265.230493,1,5
GMPPB,FBgn0037279,Gmppb,FBbt:00048313,ITP neuron,0.428571,103.464583,1,1
GMPPB,FBgn0037279,Gmppb,FBbt:00100248,alpha/beta Kenyon cell,0.252101,1390.363715,8,2
GMPPB,FBgn0037279,Gmppb,FBbt:00058244,adult sensory neuron,0.25,952.764025,9,3
GMPPB,FBgn0037279,Gmppb,FBbt:00111316,adult CCAP neuron,0.25,381.700805,1,4
GMPPB,FBgn0037279,Gmppb,FBbt:00057009,head cyst cell,0.220013,185.220177,4,5
GPX1,FBgn0034415,Gpxl,FBbt:00004211,photoreceptor neuron,0.076923,558.9715,4,1
GPX1,FBgn0034415,Gpxl,FBbt:00047095,adult neuron,0.027174,909.4154,17,2
GPX1,FBgn0034415,Gpxl,FBbt:00047767,leg taste bristle chemosensory neuron,0.020202,1116.48015,4,3
GPX1,FBgn0034415,Gpxl,FBbt:00049568,leg muscle motor neuron,0.013699,447.92413,4,4
GPX1,FBgn0034415,Gpxl,FBbt:00058247,adult pheromone-sensing neuron,0.012987,497.26505,10,5
GPX1,FBgn0035438,Gtpx,FBbt:00110925,Hugin neuron,0.882353,286.889663,1,1
GPX1,FBgn0035438,Gtpx,FBbt:00048313,ITP neuron,0.857143,345.395959,1,2
GPX1,FBgn0035438,Gtpx,FBbt:00003629,DN1 neuron,0.84,398.038964,1,3
GPX1,FBgn0035438,Gtpx,FBbt:00004046,LNv neuron,0.771429,219.332609,1,4
GPX1,FBgn0035438,Gtpx,FBbt:00048900,lineage 15 secondary neuron,0.760563,602.821735,1,5
GIGYF2,FBgn0039936,Gyf,FBbt:00049568,leg muscle motor neuron,0.837838,937.012519,16,1
GIGYF2,FBgn0039936,Gyf,FBbt:00048313,ITP neuron,0.714286,176.185007,1,2
GIGYF2,FBgn0039936,Gyf,FBbt:00058267,adult pericerebral fat cell,0.69378,1035.445638,7,3
GIGYF2,FBgn0039936,Gyf,FBbt:00058251,adult perineurial glial cell,0.666667,1396.106926,18,4
GIGYF2,FBgn0039936,Gyf,FBbt:00058143,adult hemocyte,0.655814,1029.945262,7,5
KCNJ13,FBgn0039081,Irk2,FBbt:00100504,adult ensheathing glial cell,0.632573,2469.435145,17,1
KCNJ13,FBgn0039081,Irk2,FBbt:00100497,adult glial cell,0.609541,2547.295769,24,2
KCNJ13,FBgn0039081,Irk2,FBbt:00100501,adult brain cell body glial cell,0.553922,1427.399755,20,3
KCNJ13,FBgn0039081,Irk2,FBbt:00047841,adult astrocyte-like glial cell,0.4903,2209.4961,34,4
KCNJ13,FBgn0039081,Irk2,FBbt:00059270,adult cell body glial cell,0.427536,1489.273142,10,5
KCNJ13,FBgn0032706,Irk3,FBbt:00100525,adult optic chiasma glial cell,0.731343,3166.964958,17,1
KCNJ13,FBgn0032706,Irk3,FBbt:00100501,adult brain cell body glial cell,0.514706,1173.4964,20,2
KCNJ13,FBgn0032706,Irk3,FBbt:00100504,adult ensheathing glial cell,0.387097,1440.910413,17,3
KCNJ13,FBgn0032706,Irk3,FBbt:00100497,adult glial cell,0.300654,1939.8641,20,4
KCNJ13,FBgn0032706,Irk3,FBbt:00003833,proximal medullary amacrine neuron Pm1,0.208333,388.256444,1,5
KDM4A,FBgn0033233,Kdm4A,FBbt:00048313,ITP neuron,0.190476,45.585805,1,1
KDM4A,FBgn0033233,Kdm4A,FBbt:00057009,head cyst cell,0.175613,178.806143,4,2
KDM4A,FBgn0033233,Kdm4A,FBbt:00004211,photoreceptor neuron,0.15,600.177646,23,3
KDM4A,FBgn0033233,Kdm4A,FBbt:00003844,medulla tangential neuron Mt8,0.142857,952.381,1,4
KDM4A,FBgn0033233,Kdm4A,FBbt:00111748,lobula columnar neuron LC10d,0.135135,455.917994,1,5
RNF123,FBgn0038296,Kpc1,FBbt:00058251,adult perineurial glial cell,0.166667,568.8282,7,1
RNF123,FBgn0038296,Kpc1,FBbt:00057009,head cyst cell,0.132538,178.465929,4,2
RNF123,FBgn0038296,Kpc1,FBbt:00004211,photoreceptor neuron,0.076923,1102.5359,15,3
RNF123,FBgn0038296,Kpc1,FBbt:00047095,adult neuron,0.068182,877.276254,45,4
RNF123,FBgn0038296,Kpc1,FBbt:00110107,adult insulin secreting cell of pars intercerebralis,0.066667,28.274147,1,5
COMMD5,FBgn0067622,LSm-4,FBbt:00004046,LNv neuron,0.685714,142.586765,1,1
COMMD5,FBgn0067622,LSm-4,FBbt:00058222,sugar-sensing neuron of the adult brain,0.636364,123.472926,1,2
COMMD5,FBgn0067622,LSm-4,FBbt:00111316,adult CCAP neuron,0.625,215.918575,1,3
COMMD5,FBgn0067622,LSm-4,FBbt:00048298,CCHamide-1 neuron,0.6,128.198442,1,4
COMMD5,FBgn0067622,LSm-4,FBbt:00110925,Hugin neuron,0.588235,107.819578,1,5
PTPRF,FBgn0000464,Lar,FBbt:00110065,lamina wide-field 2 neuron,1.0,6898.812022,18,1
PTPRF,FBgn0000464,Lar,FBbt:00003821,transmedullary Y neuron TmY4,1.0,6315.50305,5,2
PTPRF,FBgn0000464,Lar,FBbt:00058203,adult octopaminergic neuron,1.0,5708.713804,15,3
PTPRF,FBgn0000464,Lar,FBbt:00111285,medulla intrinsic neuron Mi15,1.0,5361.048288,17,4
PTPRF,FBgn0000464,Lar,FBbt:00111273,distal medullary amacrine neuron Dm12,1.0,5071.556031,15,5
MAPKAPK3,FBgn0013987,MAPk-Ak2,FBbt:00048313,ITP neuron,0.52381,96.87548,1,1
MAPKAPK3,FBgn0013987,MAPk-Ak2,FBbt:00003874,lobula columnar neuron LC4,0.5,396.96021,1,2
MAPKAPK3,FBgn0013987,MAPk-Ak2,FBbt:00111316,adult CCAP neuron,0.5,150.708199,1,3
MAPKAPK3,FBgn0013987,MAPk-Ak2,FBbt:00048900,lineage 15 secondary neuron,0.395931,287.600151,1,4
MAPKAPK3,FBgn0013987,MAPk-Ak2,FBbt:00003768,distal medullary amacrine neuron Dm1,0.387097,299.004473,1,5
MED8,FBgn0034503,MED8,FBbt:00048313,ITP neuron,0.52381,120.72507,1,1
MED8,FBgn0034503,MED8,FBbt:00003771,distal medullary amacrine neuron Dm4,0.32,191.68616,1,2
MED8,FBgn0034503,MED8,FBbt:00004046,LNv neuron,0.257143,102.204558,1,3
MED8,FBgn0034503,MED8,FBbt:00111282,proximal medullary amacrine neuron Pm4,0.22,273.804966,2,4
MED8,FBgn0034503,MED8,FBbt:00048142,allatostatin A neuron,0.212766,208.447825,1,5
PPP1R16A,FBgn0036801,MYPT-75D,FBbt:00100501,adult brain cell body glial cell,0.996198,8102.940519,20,1
PPP1R16A,FBgn0036801,MYPT-75D,FBbt:00111282,proximal medullary amacrine neuron Pm4,0.98,3255.683042,8,2
PPP1R16A,FBgn0036801,MYPT-75D,FBbt:00111762,lobula plate-lobula columnar neuron LPLC1,0.894737,561.538615,1,3
PPP1R16A,FBgn0036801,MYPT-75D,FBbt:00058203,adult octopaminergic neuron,0.857143,1719.786994,15,4
PPP1R16A,FBgn0036801,MYPT-75D,FBbt:00004207,dorsal margin photoreceptor cell,0.846154,2094.959985,3,5
MEF2C,FBgn0011656,Mef2,FBbt:00004046,LNv neuron,0.914286,302.243626,1,1
MEF2C,FBgn0011656,Mef2,FBbt:00100248,alpha/beta Kenyon cell,0.865546,2106.224588,8,2
MEF2C,FBgn0011656,Mef2,FBbt:00100501,adult brain cell body glial cell,0.847909,1306.16785,20,3
MEF2C,FBgn0011656,Mef2,FBbt:00049828,adult gamma Kenyon cell,0.797938,1406.962416,5,4
MEF2C,FBgn0011656,Mef2,FBbt:00067016,adult olfactory receptor neuron Or13a,0.75,1075.532793,6,5
DUSP6,FBgn0036844,Mkp3,FBbt:00003771,distal medullary amacrine neuron Dm4,1.0,1009.256992,1,1
DUSP6,FBgn0036844,Mkp3,FBbt:00111316,adult CCAP neuron,1.0,578.227432,1,2
DUSP6,FBgn0036844,Mkp3,FBbt:00111276,distal medullary amacrine neuron Dm15,0.976744,3094.115039,1,3
DUSP6,FBgn0036844,Mkp3,FBbt:00003629,DN1 neuron,0.96,2121.672536,1,4
DUSP6,FBgn0036844,Mkp3,FBbt:00100248,alpha/beta Kenyon cell,0.92437,2014.11663,8,5
MON1A,FBgn0031640,Mon1,FBbt:00111316,adult CCAP neuron,0.25,182.516695,1,1
MON1A,FBgn0031640,Mon1,FBbt:00003771,distal medullary amacrine neuron Dm4,0.16,127.934947,1,2
MON1A,FBgn0031640,Mon1,FBbt:00110925,Hugin neuron,0.147059,122.326163,1,3
MON1A,FBgn0031640,Mon1,FBbt:00110061,adult Tachykinin neuron of the central nervous system,0.142857,668.67535,9,4
MON1A,FBgn0031640,Mon1,FBbt:00003844,medulla tangential neuron Mt8,0.142857,537.92365,1,5
NF1,FBgn0015269,Nf1,FBbt:00048313,ITP neuron,0.619048,112.477795,1,1
NF1,FBgn0015269,Nf1,FBbt:00110061,adult Tachykinin neuron of the central nervous system,0.5625,469.074409,12,2
NF1,FBgn0015269,Nf1,FBbt:00003629,DN1 neuron,0.56,232.547118,1,3
NF1,FBgn0015269,Nf1,FBbt:00111316,adult CCAP neuron,0.5,160.275949,1,4
NF1,FBgn0015269,Nf1,FBbt:00004046,LNv neuron,0.457143,106.264244,1,5
SLC6A3 | SLC6A9,FBgn0267326,Ntl,FBbt:00057009,head cyst cell,0.185553,175.2305,4,1
SLC6A3 | SLC6A9,FBgn0267326,Ntl,FBbt:00047095,adult neuron,0.113636,805.976385,34,2
SLC6A3 | SLC6A9,FBgn0267326,Ntl,FBbt:00058251,adult perineurial glial cell,0.083333,1018.3299,11,3
SLC6A3 | SLC6A9,FBgn0267326,Ntl,FBbt:00058203,adult octopaminergic neuron,0.071429,1682.0858,7,4
SLC6A3 | SLC6A9,FBgn0267326,Ntl,FBbt:00110066,proximal medullary amacrine neuron Pm3,0.047619,341.99728,1,5
SH3RF2,FBgn0040294,POSH,FBbt:00004211,photoreceptor neuron,0.125,818.54944,22,1
SH3RF2,FBgn0040294,POSH,FBbt:00058244,adult sensory neuron,0.1,405.11415,8,2
SH3RF2,FBgn0040294,POSH,FBbt:00047095,adult neuron,0.080292,1881.02355,45,3
SH3RF2,FBgn0040294,POSH,FBbt:00051420,adult mechanosensory neuron,0.068477,1323.45945,15,4
SH3RF2,FBgn0040294,POSH,FBbt:00048284,adult multidendritic neuron,0.058824,639.7953,3,5
MST1R,FBgn0025740,PlexB,FBbt:00110061,adult Tachykinin neuron of the central nervous system,0.6,558.878451,12,1
MST1R,FBgn0025740,PlexB,FBbt:00058251,adult perineurial glial cell,0.583333,2157.486425,18,2
MST1R,FBgn0025740,PlexB,FBbt:00007422,antennal lobe projection neuron,0.578947,841.675415,16,3
MST1R,FBgn0025740,PlexB,FBbt:00048284,adult multidendritic neuron,0.575758,720.881257,10,4
MST1R,FBgn0025740,PlexB,FBbt:00051420,adult mechanosensory neuron,0.548996,1223.457949,22,5
POC1B,FBgn0036354,Poc1,FBbt:00057009,head cyst cell,0.225977,196.80043,4,1
POC1B,FBgn0036354,Poc1,FBbt:00047095,adult neuron,0.159091,1325.503347,37,2
POC1B,FBgn0036354,Poc1,FBbt:00004211,photoreceptor neuron,0.1,964.3202,7,3
POC1B,FBgn0036354,Poc1,FBbt:00048471,nociceptive neuron,0.083333,266.80896,4,4
POC1B,FBgn0036354,Poc1,FBbt:00048313,ITP neuron,0.047619,58.83737,1,5
XRN2,FBgn0031868,Rat1,FBbt:00048313,ITP neuron,0.238095,49.416543,1,1
XRN2,FBgn0031868,Rat1,FBbt:00003768,distal medullary amacrine neuron Dm1,0.16129,168.979696,1,2
XRN2,FBgn0031868,Rat1,FBbt:00110061,adult Tachykinin neuron of the central nervous system,0.157895,658.3278,11,3
XRN2,FBgn0031868,Rat1,FBbt:00004211,photoreceptor neuron,0.15,1102.5359,21,4
XRN2,FBgn0031868,Rat1,FBbt:00100486,lobula columnar neuron LC14,0.144444,265.04108,2,5
RECQL4,FBgn0040290,RecQ4,FBbt:00048313,ITP neuron,0.142857,38.213941,1,1
RECQL4,FBgn0040290,RecQ4,FBbt:00047095,adult neuron,0.138686,780.64014,36,2
RECQL4,FBgn0040290,RecQ4,FBbt:00004211,photoreceptor neuron,0.1,519.16005,8,3
RECQL4,FBgn0040290,RecQ4,FBbt:00048471,nociceptive neuron,0.083333,470.3669,4,4
RECQL4,FBgn0040290,RecQ4,FBbt:00004046,LNv neuron,0.057143,203.879765,1,5
RHOA,FBgn0014020,Rho1,FBbt:00004046,LNv neuron,0.914286,333.307085,1,1
RHOA,FBgn0014020,Rho1,FBbt:00057009,head cyst cell,0.829689,506.248368,4,2
RHOA,FBgn0014020,Rho1,FBbt:00058222,sugar-sensing neuron of the adult brain,0.818182,315.021483,1,3
RHOA,FBgn0014020,Rho1,FBbt:00048313,ITP neuron,0.809524,482.506075,1,4
RHOA,FBgn0014020,Rho1,FBbt:00110925,Hugin neuron,0.794118,291.514231,1,5
ARHGAP39,FBgn0038853,RhoGAP93B,FBbt:00003746,lamina intrinsic neuron Lai,0.764706,2064.266586,17,1
ARHGAP39,FBgn0038853,RhoGAP93B,FBbt:00058251,adult perineurial glial cell,0.75,1646.138295,18,2
ARHGAP39,FBgn0038853,RhoGAP93B,FBbt:00111273,distal medullary amacrine neuron Dm12,0.733333,2362.334175,15,3
ARHGAP39,FBgn0038853,RhoGAP93B,FBbt:00048142,allatostatin A neuron,0.712766,377.86219,1,4
ARHGAP39,FBgn0038853,RhoGAP93B,FBbt:00049568,leg muscle motor neuron,0.712329,925.671475,16,5
RPL8,FBgn0261602,RpL8,FBbt:00003629,DN1 neuron,1.0,1853.136994,1,1
RPL8,FBgn0261602,RpL8,FBbt:00110925,Hugin neuron,1.0,1484.180225,1,2
RPL8,FBgn0261602,RpL8,FBbt:00051053,adult corazonin neuron,1.0,1408.227938,1,3
RPL8,FBgn0261602,RpL8,FBbt:00048313,ITP neuron,1.0,1253.056781,1,4
RPL8,FBgn0261602,RpL8,FBbt:00111316,adult CCAP neuron,1.0,1166.152975,1,5
RPLP2,FBgn0003274,RpLP2,FBbt:00004211,photoreceptor neuron,1.0,3485.809869,26,1
RPLP2,FBgn0003274,RpLP2,FBbt:00003629,DN1 neuron,1.0,2802.938157,1,2
RPLP2,FBgn0003274,RpLP2,FBbt:00004046,LNv neuron,1.0,1930.892899,1,3
RPLP2,FBgn0003274,RpLP2,FBbt:00048313,ITP neuron,1.0,1726.107594,1,4
RPLP2,FBgn0003274,RpLP2,FBbt:00048011,Capability neuron,1.0,1726.007115,1,5
SEMA3F | SEMA6D,FBgn0011259,Sema1a,FBbt:00110925,Hugin neuron,0.970588,676.728331,1,1
SEMA3F | SEMA6D,FBgn0011259,Sema1a,FBbt:00048313,ITP neuron,0.952381,239.547772,1,2
SEMA3F | SEMA6D,FBgn0011259,Sema1a,FBbt:00007422,antennal lobe projection neuron,0.947368,2503.304633,16,3
SEMA3F | SEMA6D,FBgn0011259,Sema1a,FBbt:00049828,adult gamma Kenyon cell,0.939948,2275.792883,5,4
SEMA3F | SEMA6D,FBgn0011259,Sema1a,FBbt:00048284,adult multidendritic neuron,0.939394,1648.762388,10,5
SEMA3F | SEMA6D,FBgn0016059,Sema1b,FBbt:00058143,adult hemocyte,0.772093,1535.245779,7,1
SEMA3F | SEMA6D,FBgn0016059,Sema1b,FBbt:00057009,head cyst cell,0.542744,339.548733,4,2
SEMA3F | SEMA6D,FBgn0016059,Sema1b,FBbt:00111302,optic-lobe-associated cortex glial cell,0.540179,1284.860536,16,3
SEMA3F | SEMA6D,FBgn0016059,Sema1b,FBbt:00058249,adult gustatory receptor neuron,0.454167,2034.5879,22,4
SEMA3F | SEMA6D,FBgn0016059,Sema1b,FBbt:00051420,adult mechanosensory neuron,0.447462,2164.79435,22,5
SEMA3F | SEMA6D,FBgn0011260,Sema2a,FBbt:00058143,adult hemocyte,0.906977,3129.376735,7,1
SEMA3F | SEMA6D,FBgn0011260,Sema2a,FBbt:00049568,leg muscle motor neuron,0.486486,761.235118,16,2
SEMA3F | SEMA6D,FBgn0011260,Sema2a,FBbt:00067031,adult olfactory receptor neuron Or67d,0.456522,987.154621,6,3
SEMA3F | SEMA6D,FBgn0011260,Sema2a,FBbt:00058203,adult octopaminergic neuron,0.428571,884.5938,15,4
SEMA3F | SEMA6D,FBgn0011260,Sema2a,FBbt:00067059,adult olfactory receptor neuron Or92a,0.376068,933.736359,6,5
SEMA3F | SEMA6D,FBgn0264273,Sema2b,FBbt:00003727,columnar neuron T1,0.912879,1893.684884,18,1
SEMA3F | SEMA6D,FBgn0264273,Sema2b,FBbt:00049828,adult gamma Kenyon cell,0.751958,1296.657502,5,2
SEMA3F | SEMA6D,FBgn0264273,Sema2b,FBbt:00007422,antennal lobe projection neuron,0.710526,2753.902803,16,3
SEMA3F | SEMA6D,FBgn0264273,Sema2b,FBbt:00067064,adult olfactory receptor neuron Gr21a/63a,0.604396,912.856682,7,4
SEMA3F | SEMA6D,FBgn0264273,Sema2b,FBbt:00049834,adult alpha'/beta' Kenyon cell,0.59322,1645.801195,8,5
SNRK,FBgn0033915,Snrk,FBbt:00110061,adult Tachykinin neuron of the central nervous system,0.533333,780.152357,11,1
SNRK,FBgn0033915,Snrk,FBbt:00007439,adult antennal lobe projection neuron lPN,0.515464,338.530527,1,2
SNRK,FBgn0033915,Snrk,FBbt:00007438,adult antennal lobe projection neuron adPN,0.46395,272.4779,1,3
SNRK,FBgn0033915,Snrk,FBbt:00048298,CCHamide-1 neuron,0.45,211.168074,1,4
SNRK,FBgn0033915,Snrk,FBbt:00058267,adult pericerebral fat cell,0.41866,1032.460919,7,5
ATP6V0B,FBgn0028662,VhaPPA1-1,FBbt:00003768,distal medullary amacrine neuron Dm1,1.0,1420.59206,1,1
ATP6V0B,FBgn0028662,VhaPPA1-1,FBbt:00003771,distal medullary amacrine neuron Dm4,1.0,1080.02942,1,2
ATP6V0B,FBgn0028662,VhaPPA1-1,FBbt:00111273,distal medullary amacrine neuron Dm12,0.956522,2463.0745,13,3
ATP6V0B,FBgn0028662,VhaPPA1-1,FBbt:00003746,lamina intrinsic neuron Lai,0.953488,1013.269683,17,4
ATP6V0B,FBgn0028662,VhaPPA1-1,FBbt:00110066,proximal medullary amacrine neuron Pm3,0.952381,817.920038,2,5
VPS28,FBgn0021814,Vps28,FBbt:00048313,ITP neuron,0.714286,192.603691,1,1
VPS28,FBgn0021814,Vps28,FBbt:00003768,distal medullary amacrine neuron Dm1,0.677419,292.034103,1,2
VPS28,FBgn0021814,Vps28,FBbt:00110925,Hugin neuron,0.676471,188.194436,1,3
VPS28,FBgn0021814,Vps28,FBbt:00003746,lamina intrinsic neuron Lai,0.674419,1381.2155,10,4
VPS28,FBgn0021814,Vps28,FBbt:00058222,sugar-sensing neuron of the adult brain,0.666667,169.213498,1,5
VRK1,FBgn0027889,ball,FBbt:00004211,photoreceptor neuron,0.175,608.2725,17,1
VRK1,FBgn0027889,ball,FBbt:00051053,adult corazonin neuron,0.125,133.0495,1,2
VRK1,FBgn0027889,ball,FBbt:00111316,adult CCAP neuron,0.125,115.460106,1,3
VRK1,FBgn0027889,ball,FBbt:00047095,adult neuron,0.113139,1529.052,42,4
VRK1,FBgn0027889,ball,FBbt:00110061,adult Tachykinin neuron of the central nervous system,0.1,496.5474,7,5
B4GALT2,FBgn0027538,beta4GalNAcTA,FBbt:00048313,ITP neuron,0.380952,50.3891,1,1
B4GALT2,FBgn0027538,beta4GalNAcTA,FBbt:00110925,Hugin neuron,0.352941,116.253152,1,2
B4GALT2,FBgn0027538,beta4GalNAcTA,FBbt:00058222,sugar-sensing neuron of the adult brain,0.30303,132.501067,1,3
B4GALT2,FBgn0027538,beta4GalNAcTA,FBbt:00048142,allatostatin A neuron,0.297872,194.689543,1,4
B4GALT2,FBgn0027538,beta4GalNAcTA,FBbt:00003874,lobula columnar neuron LC4,0.25,262.938223,1,5
TRAPPC9,FBgn0261787,brun,FBbt:00111316,adult CCAP neuron,0.25,132.743247,1,1
TRAPPC9,FBgn0261787,brun,FBbt:00004211,photoreceptor neuron,0.15,754.87022,24,2
TRAPPC9,FBgn0261787,brun,FBbt:00047095,adult neuron,0.116788,986.07405,49,3
TRAPPC9,FBgn0261787,brun,FBbt:00100484,lobula columnar neuron LC12,0.115385,855.357057,4,4
TRAPPC9,FBgn0261787,brun,FBbt:00058143,adult hemocyte,0.103093,688.6955,7,5
TSC22D2,FBgn0259176,bun,FBbt:00058264,adult lamina neuropil associated glial cell,1.0,9508.684487,16,1
TSC22D2,FBgn0259176,bun,FBbt:00100497,adult glial cell,1.0,5647.511341,24,2
TSC22D2,FBgn0259176,bun,FBbt:00058251,adult perineurial glial cell,1.0,5027.586648,18,3
TSC22D2,FBgn0259176,bun,FBbt:00067016,adult olfactory receptor neuron Or13a,1.0,2909.374353,6,4
TSC22D2,FBgn0259176,bun,FBbt:00049568,leg muscle motor neuron,1.0,2289.471414,16,5
MROH1,FBgn0040236,c11.1,FBbt:00048471,nociceptive neuron,0.333333,318.51817,6,1
MROH1,FBgn0040236,c11.1,FBbt:00058244,adult sensory neuron,0.3,962.49193,9,2
MROH1,FBgn0040236,c11.1,FBbt:00110061,adult Tachykinin neuron of the central nervous system,0.3,563.91979,12,3
MROH1,FBgn0040236,c11.1,FBbt:00058251,adult perineurial glial cell,0.25,1186.13159,16,4
MROH1,FBgn0040236,c11.1,FBbt:00004242,ocellar retinula cell,0.222222,886.47344,7,5
ARHGAP28,FBgn0039994,conu,FBbt:00100501,adult brain cell body glial cell,0.859873,1197.27177,20,1
ARHGAP28,FBgn0039994,conu,FBbt:00058267,adult pericerebral fat cell,0.801435,983.616975,7,2
ARHGAP28,FBgn0039994,conu,FBbt:00059270,adult cell body glial cell,0.730469,1615.004391,10,3
ARHGAP28,FBgn0039994,conu,FBbt:00048284,adult multidendritic neuron,0.727273,1137.551054,10,4
ARHGAP28,FBgn0039994,conu,FBbt:00058203,adult octopaminergic neuron,0.714286,1268.52466,15,5
ZNF16 | ZNF251 | ZNF852,FBgn0020309,crol,FBbt:00004046,LNv neuron,0.914286,311.764723,1,1
ZNF16 | ZNF251 | ZNF852,FBgn0020309,crol,FBbt:00057009,head cyst cell,0.892644,598.291307,4,2
ZNF16 | ZNF251 | ZNF852,FBgn0020309,crol,FBbt:00048142,allatostatin A neuron,0.882979,496.857925,1,3
ZNF16 | ZNF251 | ZNF852,FBgn0020309,crol,FBbt:00110925,Hugin neuron,0.882353,359.580873,1,4
ZNF16 | ZNF251 | ZNF852,FBgn0020309,crol,FBbt:00110061,adult Tachykinin neuron of the central nervous system,0.875,868.013821,12,5
TCF12,FBgn0267821,da,FBbt:00051053,adult corazonin neuron,0.5,482.479765,1,1
TCF12,FBgn0267821,da,FBbt:00048471,nociceptive neuron,0.5,395.240755,6,2
TCF12,FBgn0267821,da,FBbt:00111316,adult CCAP neuron,0.5,273.925322,1,3
TCF12,FBgn0267821,da,FBbt:00051420,adult mechanosensory neuron,0.498229,1095.355681,22,4
TCF12,FBgn0267821,da,FBbt:00048274,mechanosensory neuron of leg chordotonal organ,0.472,777.336063,6,5
DCC,FBgn0011592,fra,FBbt:00048284,adult multidendritic neuron,0.727273,934.080696,10,1
DCC,FBgn0011592,fra,FBbt:00111302,optic-lobe-associated cortex glial cell,0.651786,1569.908845,16,2
DCC,FBgn0011592,fra,FBbt:00057009,head cyst cell,0.610338,329.486879,4,3
DCC,FBgn0011592,fra,FBbt:00049568,leg muscle motor neuron,0.567568,647.051206,16,4
DCC,FBgn0011592,fra,FBbt:00003727,columnar neuron T1,0.556818,1213.758818,18,5
CDC20,FBgn0001086,fzy,FBbt:00047095,adult neuron,0.116788,891.086067,35,1
CDC20,FBgn0001086,fzy,FBbt:00004211,photoreceptor neuron,0.1,230.42215,4,2
CDC20,FBgn0001086,fzy,FBbt:00057009,head cyst cell,0.062956,139.634761,4,3
CDC20,FBgn0001086,fzy,FBbt:00048284,adult multidendritic neuron,0.058824,836.12036,6,4
CDC20,FBgn0001086,fzy,FBbt:00005209,multidendritic neuron,0.043478,981.3543,6,5
L3MBTL4,FBgn0002441,l(3)mbt,FBbt:00058251,adult perineurial glial cell,0.25,2873.563,18,1
L3MBTL4,FBgn0002441,l(3)mbt,FBbt:00110061,adult Tachykinin neuron of the central nervous system,0.238095,489.683838,12,2
L3MBTL4,FBgn0002441,l(3)mbt,FBbt:00111762,lobula plate-lobula columnar neuron LPLC1,0.210526,375.645059,1,3
L3MBTL4,FBgn0002441,l(3)mbt,FBbt:00057009,head cyst cell,0.210073,181.976695,4,4
L3MBTL4,FBgn0002441,l(3)mbt,FBbt:00004211,photoreceptor neuron,0.2,736.9197,25,5
KIFC2,FBgn0002924,ncd,FBbt:00110066,proximal medullary amacrine neuron Pm3,0.095238,102.014535,1,1
KIFC2,FBgn0002924,ncd,FBbt:00048313,ITP neuron,0.095238,24.383913,1,2
KIFC2,FBgn0002924,ncd,FBbt:00058203,adult octopaminergic neuron,0.093333,319.514004,1,3
KIFC2,FBgn0002924,ncd,FBbt:00047095,adult neuron,0.091241,1097.348918,42,4
KIFC2,FBgn0002924,ncd,FBbt:00004046,LNv neuron,0.085714,117.41137,1,5
TRAIP,FBgn0034314,nopo,FBbt:00048471,nociceptive neuron,0.166667,225.7846,6,1
TRAIP,FBgn0034314,nopo,FBbt:00100500,adult brain surface glial cell,0.125,1204.8193,8,2
TRAIP,FBgn0034314,nopo,FBbt:00047095,adult neuron,0.105839,927.64386,45,3
TRAIP,FBgn0034314,nopo,FBbt:00100497,adult glial cell,0.1,1327.314125,16,4
TRAIP,FBgn0034314,nopo,FBbt:00058244,adult sensory neuron,0.1,409.896886,4,5
ABHD5,FBgn0033226,puml,FBbt:00111316,adult CCAP neuron,0.5,221.851894,1,1
ABHD5,FBgn0033226,puml,FBbt:00003720,lamina monopolar neuron L2,0.454545,868.8097,18,2
ABHD5,FBgn0033226,puml,FBbt:00003771,distal medullary amacrine neuron Dm4,0.4,181.221955,1,3
ABHD5,FBgn0033226,puml,FBbt:00003746,lamina intrinsic neuron Lai,0.395349,1288.37745,15,4
ABHD5,FBgn0033226,puml,FBbt:00003768,distal medullary amacrine neuron Dm1,0.387097,335.753605,1,5
ROBO2,FBgn0005631,robo1,FBbt:00058251,adult perineurial glial cell,0.583333,1591.07518,16,1
ROBO2,FBgn0005631,robo1,FBbt:00111316,adult CCAP neuron,0.5,253.441049,1,2
ROBO2,FBgn0005631,robo1,FBbt:00067016,adult olfactory receptor neuron Or13a,0.4,697.298228,6,3
ROBO2,FBgn0005631,robo1,FBbt:00013774,distal medullary amacrine neuron Dm8a,0.344828,1287.0013,17,4
ROBO2,FBgn0005631,robo1,FBbt:00003821,transmedullary Y neuron TmY4,0.333333,1567.007475,5,5
NKX2-4,FBgn0287186,scro,FBbt:00003720,lamina monopolar neuron L2,0.954545,3164.531032,18,1
NKX2-4,FBgn0287186,scro,FBbt:00003721,lamina monopolar neuron L3,0.922034,4446.374838,18,2
NKX2-4,FBgn0287186,scro,FBbt:00003776,medulla intrinsic neuron Mi1,0.89759,2794.679625,18,3
NKX2-4,FBgn0287186,scro,FBbt:00003746,lamina intrinsic neuron Lai,0.883721,3290.201926,17,4
NKX2-4,FBgn0287186,scro,FBbt:00003725,lamina monopolar neuron L5,0.883495,3338.148454,17,5
VGLL3,FBgn0003975,vg,FBbt:00058249,adult gustatory receptor neuron,0.7375,8520.526,21,1
VGLL3,FBgn0003975,vg,FBbt:00051420,adult mechanosensory neuron,0.733176,2058.121515,22,2
VGLL3,FBgn0003975,vg,FBbt:00048471,nociceptive neuron,0.677419,704.817174,6,3
VGLL3,FBgn0003975,vg,FBbt:00058247,adult pheromone-sensing neuron,0.632075,1341.059197,16,4
VGLL3,FBgn0003975,vg,FBbt:00051470,hemilineage 13B secondary neuron,0.567055,817.007532,1,5
